date      , code  , name    , close , score, status  , risk_tags                               , ret10_fmt, ret20_fmt, ret60_fmt, ret20_rank_pct_fmt, ret60_rank_pct_fmt, ma20                , ma60, ma120, ma20_slope_5_fmt, ma60_slope_10_fmt, amount_ma20   , amount_ratio_5_20 , up_down_amount_ratio20, dist_to_60d_high_fmt, is_20d_high, is_60d_high, max_dd20_fmt, turnover_ma5        , limit_up_count_5, basic_liquid, trend_basic, relative_strength, volume_ok, near_breakout, risk_ok, candidate
2026-06-18, 002971, 和远气体,  67.38,    48, 短期过热, 10日涨幅过热、20日涨幅过热              , 80.21%   , 94.18%   ,          , 99.54%            ,                   ,  43.403000000000006 ,     ,      ,                 ,                  ,  1117925360.3 , 2.2543121899692   ,     3.21257975764076  ,                     , True       , False      , -6.01%      , 0.2749300296960352  ,              2.0, True        , False      , False            , True     , True         , True   , False
2026-06-18, 000608, 阳光股份,   7.59,    48, 短期过热, 10日涨幅过热、20日涨幅过热              , 51.20%   , 91.67%   ,          , 99.50%            ,                   ,   5.4645            ,     ,      ,                 ,                  ,   345976039.65, 1.2347607083778585,     2.905283091557266 ,                     , True       , False      , -9.94%      , 0.08459355042439477 ,              2.0, True        , False      , False            , True     , True         , True   , False
2026-06-18, 000657, 中钨高新,  98.48,    48, 短期过热, 20日涨幅过热                            , 32.49%   , 73.66%   ,          , 99.14%            ,                   ,  73.89450000000001  ,     ,      ,                 ,                  ,  7921151656.1 , 1.3255864631645984,     2.794157869095083 ,                     , True       , False      , -8.62%      , 0.08335291766147748 ,              2.0, True        , False      , False            , True     , True         , True   , False
2026-06-18, 600667, 太极实业,  20.92,    48, 短期过热, 20日涨幅过热                            , 27.87%   , 68.44%   ,          , 99.07%            ,                   ,  15.5595            ,     ,      ,                 ,                  ,  5103633322.2 , 1.2684633367448468,     1.8524692908337081,                     , True       , False      , -8.68%      , 0.17035827063297213 ,              1.0, True        , False      , False            , True     , True         , True   , False
2026-06-18, 600226, 亨通股份,   9.76,    48, 短期过热, 10日涨幅过热、20日涨幅过热              , 45.45%   , 66.84%   ,          , 99.04%            ,                   ,   7.173             ,     ,      ,                 ,                  ,  1585044531.75, 1.4705763186517489,     3.189092154280765 ,                     , True       , False      , -9.66%      , 0.09201390944498512 ,              2.0, True        , False      , False            , True     , True         , True   , False
2026-06-18, 600397, 江钨装备,  20.2 ,    48, 短期过热, 10日涨幅过热、连续涨停风险              , 45.11%   , 58.18%   ,          , 98.77%            ,                   ,  14.559999999999999 ,     ,      ,                 ,                  ,   922774642.05, 1.9976814784428332,     3.610503537292828 ,                     , True       , False      , -4.09%      , 0.10920533424201931 ,              3.0, True        , False      , False            , True     , True         , True   , False
2026-06-18, 002842, 翔鹭钨业,  47.72,    48, 短期过热, 10日涨幅过热                            , 38.56%   , 49.59%   ,          , 98.34%            ,                   ,  36.219500000000004 ,     ,      ,                 ,                  ,  1959940120.4 , 2.0207095662655834,     3.5241639760827126,                     , True       , False      , -6.41%      , 0.3447706723012145  ,              1.0, True        , False      , False            , True     , True         , True   , False
2026-06-18, 600392, 盛和资源,  31.66,    48, 短期过热, 10日涨幅过热                            , 36.64%   , 37.23%   ,          , 97.25%            ,                   ,  24.4485            ,     ,      ,                 ,                  ,  2656592279.8 , 2.272982865046418 ,     2.99722007717567  ,                     , True       , False      , -8.87%      , 0.12078707992200277 ,              2.0, True        , False      , False            , True     , True         , True   , False
2026-06-18, 603124, 江南新材, 211.31,    46, 短期过热, 10日涨幅过热、20日涨幅过热              , 38.36%   , 79.88%   ,          , 99.27%            ,                   , 159.791             ,     ,      ,                 ,                  ,   743698352.95, 1.4685362269094964,     2.8139654390943325,                     , True       , False      , -10.00%     , 0.07297348587099842 ,              2.0, True        , False      , False            , True     , True         , True   , False
2026-06-18, 002141, 贤丰控股,   4.71,    44, 短期过热, 10日涨幅过热、连续涨停风险              , 47.65%   , 34.19%   ,          , 96.75%            ,                   ,   3.5144999999999995,     ,      ,                 ,                  ,   163125611.2 , 2.1560750234908546,     2.685144302921653 ,                     , True       , False      , -15.60%     , 0.08661080947453037 ,              3.0, True        , False      , False            , True     , True         , True   , False
2026-06-18, 002989, 中天精装,  37.37,    44, 短期过热, 连续涨停风险                            , 24.98%   , 20.90%   ,          , 93.87%            ,                   ,  29.779499999999995 ,     ,      ,                 ,                  ,   262092740.6 , 1.5718357366819797,     1.5360892113489468,                     , True       , False      , -17.66%     , 0.06847309519929486 ,              3.0, True        , False      , False            , True     , True         , True   , False
2026-06-18, 603324, 盛剑科技,  43.1 ,    42, 短期过热, 10日涨幅过热                            , 37.30%   , 31.00%   ,          , 96.06%            ,                   ,  32.734500000000004 ,     ,      ,                 ,                  ,   416320114.3 , 1.361594083805237 ,     1.037964341859996 ,                     , True       , False      , -15.84%     , 0.10416402592694265 ,              2.0, True        , False      , False            , True     , True         , True   , False
2026-06-18, 002636, 金安国纪, 104.41,    41, 短期过热, 10日涨幅过热、20日涨幅过热              , 93.35%   , 145.27%  ,          , 100.00%           ,                   ,  67.2255            ,     ,      ,                 ,                  ,  3783479347.5 , 1.5088216764212166,     6.628534859060328 ,                     , False      , False      , -6.80%      , 0.08247023409692245 ,              0.0, True        , False      , False            , True     , False        , True   , False
2026-06-18, 600367, 红星发展,  56.56,    41, 短期过热, 20日涨幅过热                            , 20.39%   , 127.97%  ,          , 99.97%            ,                   ,  44.518             ,     ,      ,                 ,                  ,  2421152468.15, 1.3218450046830026,     2.865071463128572 ,                     , False      , False      , -9.94%      , 0.17744292318109894 ,              0.0, True        , False      , False            , True     , False        , True   , False
2026-06-18, 603823, 百合花  ,  46.71,    41, 短期过热, 10日涨幅过热、20日涨幅过热              , 73.45%   , 107.51%  ,          , 99.83%            ,                   ,  33.558             ,     ,      ,                 ,                  ,   815609353.65, 1.4551914635217842,     4.860326929418841 ,                     , False      , False      , -9.19%      , 0.06408220364757204 ,              0.0, True        , False      , False            , True     , False        , True   , False
2026-06-18, 603065, 宿迁联盛,  15.62,    41, 短期过热, 10日涨幅过热、20日涨幅过热              , 83.12%   , 100.77%  ,          , 99.70%            ,                   ,  10.1325            ,     ,      ,                 ,                  ,   297927328.05, 2.930611092693952 ,     2.884729707003575 ,                     , False      , False      , -7.75%      , 0.14509344460673437 ,              1.0, True        , False      , False            , True     , False        , True   , False
2026-06-18, 600549, 厦门钨业,  85.91,    41, 短期过热, 10日涨幅过热、20日涨幅过热              , 35.65%   , 72.34%   ,          , 99.11%            ,                   ,  62.0535            ,     ,      ,                 ,                  ,  6165480816.75, 1.616284363050362 ,     2.2756214299741075,                     , False      , False      , -6.84%      , 0.08552679982813663 ,              2.0, True        , False      , False            , True     , False        , True   , False
2026-06-18, 605589, 圣泉集团,  69.82,    41, 短期过热, 20日涨幅过热                            , 29.73%   , 60.54%   ,          , 98.87%            ,                   ,  54.2375            ,     ,      ,                 ,                  ,  3693863899.35, 1.5218302636946612,     1.8512098052218855,                     , False      , False      , -9.12%      , 0.1028516094397965  ,              1.0, True        , False      , False            , True     , False        , True   , False
2026-06-18, 605198, 安德利  ,  81.7 ,    41, 短期过热, 10日涨幅过热、连续涨停风险              , 49.77%   , 55.98%   ,          , 98.61%            ,                   ,  61.3205            ,     ,      ,                 ,                  ,   424133622.4 , 2.2486114790978666,     2.036831332136598 ,                     , False      , False      , -6.50%      , 0.04470408818050093 ,              4.0, True        , False      , False            , True     , False        , True   , False
2026-06-18, 002824, 和胜股份,  37.92,    41, 短期过热, 10日涨幅过热                            , 38.14%   , 55.79%   ,          , 98.58%            ,                   ,  27.659             ,     ,      ,                 ,                  ,   687027388.7 , 1.5448872287440438,     2.2870684927351825,                     , False      , False      , -10.00%     , 0.13950877574923579 ,              2.0, True        , False      , False            , True     , False        , True   , False
2026-06-18, 000691, 亚太实业,  12.23,    41, 短期过热, 10日涨幅过热                            , 40.25%   , 47.00%   ,          , 98.21%            ,                   ,   9.3995            ,     ,      ,                 ,                  ,   158061785.95, 1.8005312485209208,     5.385883830216556 ,                     , False      , False      , -6.65%      , 0.07967253193924584 ,              0.0, True        , False      , False            , True     , False        , True   , False
2026-06-18, 002955, 鸿合科技,  34.77,    41, 短期过热, 10日涨幅过热                            , 37.21%   , 41.69%   ,          , 97.88%            ,                   ,  27.792             ,     ,      ,                 ,                  ,   228498230.9 , 1.693683204791937 ,     8.111543298017137 ,                     , False      , False      , -6.38%      , 0.060280878937934566,              0.0, True        , False      , False            , True     , False        , True   , False
2026-06-18, 603020, 爱普股份,  13.96,    41, 短期过热, 10日涨幅过热                            , 43.92%   , 37.94%   ,          , 97.32%            ,                   ,  11.1225            ,     ,      ,                 ,                  ,   164718411.4 , 2.257718460487775 ,     2.2757822163035804,                     , False      , False      , -9.97%      , 0.075897024136875   ,              2.0, True        , False      , False            , True     , False        , True   , False
2026-06-18, 605318, 法狮龙  , 132.09,    41, 短期过热, 10日涨幅过热                            , 44.39%   , 33.90%   ,          , 96.69%            ,                   , 107.42750000000001  ,     ,      ,                 ,                  ,   442949375.2 , 1.76460453804022  ,     2.076881724548995 ,                     , False      , False      , -7.60%      , 0.0471508822926715  ,              0.0, True        , False      , False            , True     , False        , True   , False
2026-06-18, 603011, 合锻智能,  39.55,    40, 短期过热, 20日涨幅过热                            , 22.60%   , 104.92%  ,          , 99.77%            ,                   ,  28.9195            ,     ,      ,                 ,                  ,  1966945608.95, 1.1442225156400911,     3.9758247289950552,                     , True       , False      , -11.31%     , 0.13193931470896753 ,              2.0, True        , False      , False            , False    , True         , True   , False
2026-06-18, 603663, 三祥新材,  87.49,    40, 短期过热, 20日涨幅过热                            , 30.78%   , 90.61%   ,          , 99.47%            ,                   ,  67.6485            ,     ,      ,                 ,                  ,  1764450053.5 , 1.0431197440523075,     1.196732504289711 ,                     , True       , False      , -8.20%      , 0.05533822973031518 ,              2.0, True        , False      , False            , False    , True         , True   , False
2026-06-18, 600378, 昊华科技,  65.16,    39, 短期过热, 10日涨幅过热、20日涨幅过热              , 50.52%   , 87.03%   ,          , 99.37%            ,                   ,  48.390499999999996 ,     ,      ,                 ,                  ,  3741499366.75, 1.75295044705489  ,     3.1421681897385976,                     , False      , False      , -11.39%     , 0.10208257862602635 ,              1.0, True        , False      , False            , True     , False        , True   , False
2026-06-18, 001696, 宗申动力,  24.31,    39, 短期过热, 10日涨幅过热                            , 72.17%   , 53.09%   ,          , 98.48%            ,                   ,  17.725             ,     ,      ,                 ,                  ,  1411228340.25, 2.379402507609186 ,    11.74419841801593  ,                     , False      , False      , -10.06%     , 0.16290986735138382 ,              1.0, True        , False      , False            , True     , False        , True   , False
2026-06-18, 600500, 中化国际,   8.83,    39, 短期过热, 10日涨幅过热                            , 54.91%   , 48.90%   ,          , 98.31%            ,                   ,   6.589             ,     ,      ,                 ,                  ,  1376004456.7 , 2.7456603761739835,     2.6707491523875535,                     , False      , False      , -14.74%     , 0.12357997527392243 ,              2.0, True        , False      , False            , True     , False        , True   , False
2026-06-18, 600206, 有研新材,  42.51,    39, 短期过热, 10日涨幅过热                            , 44.84%   , 47.50%   ,          , 98.24%            ,                   ,  31.602999999999998 ,     ,      ,                 ,                  ,  3070485719.85, 1.7048676844052315,     2.5475622310169093,                     , False      , False      , -11.84%     , 0.16595792644048094 ,              1.0, True        , False      , False            , True     , False        , True   , False
2026-06-18, 002515, 金字火腿,   9.63,    39, 短期过热, 10日涨幅过热                            , 39.16%   , 40.79%   ,          , 97.68%            ,                   ,   7.3125            ,     ,      ,                 ,                  ,   677108971.1 , 1.672583363000136 ,     4.355330498392461 ,                     , False      , False      , -12.02%     , 0.11521522564013502 ,              2.0, True        , False      , False            , True     , False        , True   , False
2026-06-18, 600498, 烽火通信,  75.31,    39, 短期过热, 10日涨幅过热                            , 42.77%   , 39.36%   ,          , 97.42%            ,                   ,  58.01250000000001  ,     ,      ,                 ,                  ,  7503836299.4 , 1.5193162795291244,     2.8170458623370527,                     , False      , False      , -13.78%     , 0.12826266592972618 ,              0.0, True        , False      , False            , True     , False        , True   , False
2026-06-18, 003036, 泰坦股份,  98.8 ,    38, 短期过热, 20日涨幅过热                            , 31.98%   , 108.57%  ,          , 99.87%            ,                   ,  76.5915            ,     ,      ,                 ,                  ,  1054080923.15, 1.0949679923538043,     1.8988162336572763,                     , False      , False      , -9.53%      , 0.05729313846548253 ,              1.0, True        , False      , False            , False    , False        , True   , False
2026-06-18, 600183, 生益科技, 183.87,    38, 短期过热, 20日涨幅过热                            , 28.44%   , 88.31%   ,          , 99.40%            ,                   , 144.5885            ,     ,      ,                 ,                  , 12983230694.75, 1.1729143850272798,     4.134769822591532 ,                     , False      , False      , -6.36%      , 0.03656220586675888 ,              1.0, True        , False      , False            , False    , False        , True   , False
2026-06-18, 002138, 顺络电子,  71.16,    38, 短期过热, 10日涨幅过热、20日涨幅过热              , 40.77%   , 78.35%   ,          , 99.20%            ,                   ,  53.954499999999996 ,     ,      ,                 ,                  ,  3615805651.15, 1.0742535707262386,     2.7104557260029463,                     , False      , False      , -9.15%      , 0.08279776992443592 ,              0.0, True        , False      , False            , False    , False        , True   , False
2026-06-18, 600353, 旭光电子,  42.01,    37, 短期过热, 10日涨幅过热、20日涨幅过热、连续涨停风险, 58.89%   , 94.22%   ,          , 99.57%            ,                   ,  27.28              ,     ,      ,                 ,                  ,  1671752064.05, 0.8152236588829711,     1.645308592066499 ,                     , True       , False      , -10.00%     , 0.04927634546966808 ,              4.0, True        , False      , False            , False    , True         , True   , False
2026-06-18, 002859, 洁美科技,  99.73,    37, 短期过热, 20日涨幅过热、20日回撤过大              , 5.66%    , 83.02%   ,          , 99.34%            ,                   ,  78.9735            ,     ,      ,                 ,                  ,  2322050711.0 , 1.0722147326953877,     1.7510459077810485,                     , True       , False      , -20.25%     , 0.07054899378332423 ,              2.0, True        , False      , False            , False    , True         , False  , False
2026-06-18, 605376, 博迁新材, 231.31,    37, 短期过热, 20日涨幅过热                            , 23.04%   , 65.98%   ,          , 99.01%            ,                   , 184.84              ,     ,      ,                 ,                  ,  3135336682.15, 0.913107247237263 ,     1.1943242544782524,                     , True       , False      , -9.25%      , 0.054083822629969414,              2.0, True        , False      , False            , False    , True         , True   , False
2026-06-18, 000510, 新金路  ,  22.1 ,    37, 短期过热, 20日涨幅过热                            , 14.92%   , 62.74%   ,          , 98.94%            ,                   ,  18.580000000000002 ,     ,      ,                 ,                  ,  1231659452.55, 1.2340227958736825,     1.4369081541264555,                     , False      , False      , -18.23%     , 0.11640243215615734 ,              2.0, True        , False      , False            , True     , False        , True   , False
2026-06-18, 002119, 康强电子,  34.51,    37, 短期过热, 10日涨幅过热                            , 40.86%   , 51.83%   ,          , 98.41%            ,                   ,  27.065999999999995 ,     ,      ,                 ,                  ,  1746772713.6 , 1.8599718856977685,     2.493523270576713 ,                     , False      , False      , -16.73%     , 0.262612326664606   ,              0.0, True        , False      , False            , True     , False        , True   , False
2026-06-18, 600176, 中国巨石,  53.5 ,    37, 短期过热, 10日涨幅过热                            , 39.36%   , 51.30%   ,          , 98.38%            ,                   ,  41.7165            ,     ,      ,                 ,                  ,  7489458399.85, 1.3028026764919902,     1.9107900494854517,                     , False      , False      , -18.22%     , 0.050108143595738806,              2.0, True        , False      , False            , True     , False        , True   , False
2026-06-18, 001359, 平安电工, 132.2 ,    37, 短期过热, 10日涨幅过热                            , 43.28%   , 33.41%   ,          , 96.45%            ,                   , 103.525             ,     ,      ,                 ,                  ,   333400379.35, 1.8333681934966282,     3.8345128605668104,                     , False      , False      , -16.38%     , 0.1113801499459858  ,              2.0, True        , False      , False            , True     , False        , True   , False
2026-06-18, 000636, 风华高科,  74.6 ,    36, 短期过热, 20日涨幅过热                            , 17.48%   , 118.13%  ,          , 99.93%            ,                   ,  57.468999999999994 ,     ,      ,                 ,                  ,  9847225631.0 , 1.1562735410830358,     3.534670455310943 ,                     , False      , False      , -12.55%     , 0.14540483370546697 ,              1.0, True        , False      , False            , False    , False        , True   , False
2026-06-18, 603186, 华正新材, 238.11,    36, 短期过热, 10日涨幅过热、20日涨幅过热、连续涨停风险, 92.69%   , 111.50%  ,          , 99.90%            ,                   , 151.796             ,     ,      ,                 ,                  ,  2502520716.1 , 1.1009248552769653,     3.154556325597086 ,                     , False      , False      , -10.63%     , 0.08530312655769146 ,              3.0, True        , False      , False            , False    , False        , True   , False
2026-06-18, 600162, 香江控股,   3.58,    36, 短期过热, 20日涨幅过热                            , 4.68%    , 105.75%  ,          , 99.80%            ,                   ,   3.0479999999999996,     ,      ,                 ,                  ,   994566991.0 , 1.1977576223420028,     2.2152882754607095,                     , False      , False      , -14.86%     , 0.10764668121809406 ,              2.0, True        , False      , False            , False    , False        , True   , False
2026-06-18, 603678, 火炬电子,  67.75,    36, 短期过热, 20日涨幅过热                            , 5.09%    , 98.04%   ,          , 99.64%            ,                   ,  56.053999999999995 ,     ,      ,                 ,                  ,  2948467388.6 , 1.0232825154741139,     2.6483610455053808,                     , False      , False      , -12.70%     , 0.0961754303573078  ,              1.0, True        , False      , False            , False    , False        , True   , False
2026-06-18, 002585, 双星新材,  14.85,    36, 短期过热, 20日涨幅过热                            , 25.85%   , 82.21%   ,          , 99.30%            ,                   ,  11.7655            ,     ,      ,                 ,                  ,  2106664439.6 , 1.0964265637096768,     1.3358765004390196,                     , False      , False      , -13.71%     , 0.18912021411274674 ,              2.0, True        , False      , False            , False    , False        , True   , False
2026-06-18, 603256, 宏和科技, 257.8 ,    36, 短期过热, 20日涨幅过热                            , 32.25%   , 78.00%   ,          , 99.17%            ,                   , 203.825             ,     ,      ,                 ,                  ,  3810942318.95, 1.130123041428407 ,     1.6368112773568386,                     , False      , False      , -10.00%     , 0.020365140796439807,              2.0, True        , False      , False            , False    , False        , True   , False
2026-06-18, 000032, 深桑达Ａ,  24.6 ,    36, 短期过热, 10日涨幅过热、连续涨停风险、20日回撤过大, 50.37%   , 28.80%   ,          , 95.79%            ,                   ,  18.118000000000002 ,     ,      ,                 ,                  ,  1002477241.95, 2.698180785369798 ,     5.034367023756059 ,                     , False      , False      , -21.19%     , 0.10807963776319249 ,              3.0, True        , False      , False            , True     , False        , False  , False
2026-06-18, 002297, 博云新材,  28.36,    36, 短期过热, 10日涨幅过热、20日回撤过大              , 36.48%   , 14.77%   ,          , 91.75%            ,                   ,  22.8655            ,     ,      ,                 ,                  ,  2496287854.5 , 1.3419446701874742,     2.143823421003313 ,                     , False      , False      , -32.76%     , 0.24226751581371714 ,              1.0, True        , False      , False            , True     , False        , False  , False
2026-06-18, 603773, 沃格光电, 164.7 ,    34, 短期过热, 20日涨幅过热                            , 34.56%   , 103.28%  ,          , 99.73%            ,                   , 125.44800000000001  ,     ,      ,                 ,                  ,  4036353210.35, 1.1787844132172531,     1.8215829163087873,                     , False      , False      , -16.24%     , 0.1471202764528125  ,              2.0, True        , False      , False            , False    , False        , True   , False
2026-06-18, 002484, 江海股份, 108.06,    34, 短期过热, 20日涨幅过热                            , 12.15%   , 95.41%   ,          , 99.60%            ,                   ,  83.067             ,     ,      ,                 ,                  ,  4800795933.6 , 1.0407229091808943,     2.113288038847558 ,                     , False      , False      , -15.67%     , 0.06411446095621526 ,              2.0, True        , False      , False            , False    , False        , True   , False
2026-06-18, 600110, 诺德股份,  17.57,    34, 短期过热, 10日涨幅过热、20日涨幅过热、连续涨停风险, 52.25%   , 89.13%   ,          , 99.44%            ,                   ,  12.458000000000002 ,     ,      ,                 ,                  ,  2375731834.5 , 1.1543403063322464,     2.410149976285787 ,                     , False      , False      , -15.17%     , 0.1002325218036686  ,              3.0, True        , False      , False            , False    , False        , True   , False
2026-06-18, 002741, 光华科技,  41.3 ,    34, 短期过热, 10日涨幅过热、20日涨幅过热、连续涨停风险, 45.27%   , 79.18%   ,          , 99.24%            ,                   ,  29.976499999999998 ,     ,      ,                 ,                  ,  1639598133.9 , 1.070183509800834 ,     2.9798921664030247,                     , False      , False      , -17.39%     , 0.11579466857463978 ,              3.0, True        , False      , False            , False    , False        , True   , False
2026-06-18, 605006, 山东玻纤,  23.4 ,    34, 短期过热, 20日涨幅过热                            , 26.97%   , 63.52%   ,          , 98.97%            ,                   ,  19.5015            ,     ,      ,                 ,                  ,  1454515496.95, 1.123188135035841 ,     2.9630456006983352,                     , False      , False      , -18.37%     , 0.11238967014846324 ,              1.0, True        , False      , False            , False    , False        , True   , False
2026-06-18, 603989, 艾华集团,  41.5 ,    34, 短期过热, 20日涨幅过热、连续涨停风险、20日回撤过大, 21.17%   , 60.60%   ,          , 98.91%            ,                   ,  33.260000000000005 ,     ,      ,                 ,                  ,   971198924.7 , 0.5733572672272131,     1.5337559053948309,                     , True       , False      , -25.14%     , 0.04278400067646345 ,              3.0, True        , False      , False            , False    , True         , False  , False
2026-06-18, 603002, 宏昌电子,  23.58,    34, 短期过热, 连续涨停风险                            , 34.28%   , 56.06%   ,          , 98.64%            ,                   ,  17.976000000000003 ,     ,      ,                 ,                  ,  1775535769.2 , 1.1041159593666157,     2.0722589348427785,                     , False      , False      , -17.92%     , 0.08209382230697046 ,              3.0, True        , False      , False            , False    , False        , True   , False
2026-06-18, 001257, 盛龙股份,  31.96,    33, 短期过热, 连续涨停风险                            , 29.39%   , 33.72%   ,          , 96.59%            ,                   ,  26.552             ,     ,      ,                 ,                  ,   909918545.25, 1.6229304991187616,     0.637593333921204 ,                     , False      , False      , -19.29%     , 0.33629206878161655 ,              3.0, True        , False      , False            , True     , False        , True   , False
2026-06-18, 600186, 莲花控股,  14.28,    33, 短期过热, 10日涨幅过热、20日回撤过大              , 50.79%   , 33.71%   ,          , 96.55%            ,                   ,  11.5855            ,     ,      ,                 ,                  ,  3367878401.4 , 1.1365466634451038,     1.5134972929586863,                     , False      , False      , -28.20%     , 0.16510541280642504 ,              2.0, True        , False      , False            , False    , False        , False  , False
2026-06-18, 603618, 杭电股份,  51.77,    33, 短期过热, 连续涨停风险                            , 18.79%   , 28.56%   ,          , 95.66%            ,                   ,  41.734500000000004 ,     ,      ,                 ,                  ,  3404945170.0 , 0.8824847570746638,     1.7544826127609479,                     , False      , False      , -13.25%     , 0.0955145722119306  ,              3.0, True        , False      , False            , False    , False        , True   , False
2026-06-18, 002080, 中材科技,  80.55,    32, 短期过热, 连续涨停风险、20日回撤过大              , 26.25%   , 25.02%   ,          , 94.90%            ,                   ,  68.72149999999999  ,     ,      ,                 ,                  ,  3868059971.45, 1.2615083117676722,     0.9931809745052087,                     , False      , False      , -22.71%     , 0.03926238176270098 ,              3.0, True        , False      , False            , True     , False        , False  , False
2026-06-18, 002552, 宝鼎科技,  72.39,    31, 短期过热, 20日涨幅过热、连续涨停风险              , 22.69%   , 99.97%   ,          , 99.67%            ,                   ,  58.399             ,     ,      ,                 ,                  ,  1535621829.3 , 0.5758969105063634,     3.4871746231869745,                     , False      , False      , -17.84%     , 0.03533589953928471 ,              3.0, True        , False      , False            , False    , False        , True   , False
2026-06-18, 000811, 冰轮环境,  40.17,    31, 短期过热, 连续涨停风险                            , 26.64%   , 14.15%   ,          , 91.48%            ,                   ,  32.921             ,     ,      ,                 ,                  ,  1288262904.7 , 0.7318144983919601,     0.8142987114894983,                     , True       , False      , -17.01%     , 0.02881669343755004 ,              3.0, True        , False      , False            , False    , True         , True   , False
2026-06-18, 600545, 卓郎智能,   7.25,    30, 短期过热, 连续涨停风险、20日回撤过大              , 1.68%    , 25.00%   ,          , 94.86%            ,                   ,   6.7505            ,     ,      ,                 ,                  ,  1221570101.55, 0.7699971670938118,     1.5242442887165488,                     , False      , False      , -30.96%     , 0.08203128509068383 ,              3.0, True        , False      , False            , False    , False        , False  , False
2026-06-18, 603407, 长裕集团,  68.04,    28, 短期过热, 连续涨停风险、20日回撤过大              , 18.72%   , 2.33%    ,          , 83.20%            ,                   ,  57.38799999999999  ,     ,      ,                 ,                  ,   313775376.15, 1.1729048146342251,     0.4445862473997997,                     , True       , False      , -23.33%     , 0.16944677421402857 ,              3.0, True        , False      , False            , False    , True         , False  , False
2026-06-18, 603115, 海星股份, 114.7 ,    26, 短期过热, 连续涨停风险、20日回撤过大              , 6.65%    , 8.47%    ,          , 88.73%            ,                   , 105.19750000000002  ,     ,      ,                 ,                  ,  1105227985.4 , 0.7032631520986095,     0.4902203538312292,                     , False      , False      , -22.52%     , 0.029617340746056892,              3.0, True        , False      , False            , False    , False        , False  , False
